transaction_id,date,transaction_type,account_type,amount,currency,payment_method,category,description,party_name,gst_number,status,created_by,approver,total_tax,tax_discrepancy,hour,day_of_week,month,time_since_last_tx,tx_velocity,amount_zscore,user_avg_amount,user_std_amount,user_id,joining_date,department,user_experience_days,tax_ratio,is_anomaly,anomaly_score
b15d35c5-e2e1-4024-a823-be53b02a73a7,2025-03-21 00:15:45.398691,Purchase,Business,2974.94,GBP,Cash,Office Supplies,Sample transaction 20,Vendor 14,GST84574,Rejected,user_1,approver_3,344.0,0.0,0,4,3,0.0,0.0,0.5109147747769686,2442.527333333333,1511.1994675302826,user_1,2024-09-27 20:33:45.434651,Sales,174,0.11563258418657182,False,0.0
7201a7c5-0172-47ec-a6e6-9a94ce3ae530,2025-03-21 17:58:45.398691,Payment,Business,1242.32,CAD,Debit Card,Office Supplies,Sample transaction 30,Vendor 9,GST60854,Completed,user_1,approver_2,118.32,0.0,17,4,3,17.716666666666665,0.0,0.36013441202778934,2442.527333333333,1511.1994675302826,user_1,2024-09-27 20:33:45.434651,Sales,174,0.09524116169746925,False,0.0
1180bb5f-2bc9-46a6-a452-3122fb786f6a,2025-03-23 11:10:45.398691,Sale,Personal,2271.83,AUD,Check,Equipment,Sample transaction 52,Vendor 7,GST46939,Rejected,user_1,approver_1,413.46,0.0,11,6,3,41.2,0.2857142857142857,0.1574365777491763,2442.527333333333,1511.1994675302826,user_1,2024-09-27 20:33:45.434651,Sales,176,0.18199425133042524,False,0.0
df24bbf2-4e10-422b-9cff-01718f7e2f98,2025-03-24 18:04:45.398691,Refund,Personal,1911.52,USD,Bank Transfer,Marketing,Sample transaction 56,Vendor 9,GST88730,Rejected,user_1,approver_3,376.6,0.0,18,0,3,30.9,0.42857142857142855,0.023703968070231448,2442.527333333333,1511.1994675302826,user_1,2024-09-27 20:33:45.434651,Sales,177,0.19701598727714073,False,0.0
006a4c66-08c6-4e2d-92bf-9b4cd6a2ed92,2025-03-25 02:01:45.398691,Transfer,Business,1629.37,AUD,Bank Transfer,Utilities,Sample transaction 15,Vendor 20,GST44905,Completed,user_1,approver_1,112.41,0.0,2,1,3,7.95,0.5714285714285714,0.16555072503769258,2442.527333333333,1511.1994675302826,user_1,2024-09-27 20:33:45.434651,Sales,178,0.0689898549746221,False,0.0
e00e0fb7-a53e-4033-86fb-de38263573d0,2025-03-25 02:49:45.398691,Sale,Business,4489.73,CAD,Bank Transfer,Utilities,Sample transaction 6,Vendor 7,GST23905,Completed,user_1,approver_1,759.41,0.0,2,1,3,0.8,0.5714285714285714,1.2724531373030727,2442.527333333333,1511.1994675302826,user_1,2024-09-27 20:33:45.434651,Sales,178,0.16914380152035868,False,0.0
50886c1b-e8af-4ca5-9654-b7c575f0dec1,2025-03-26 10:42:45.398691,Purchase,Business,2691.91,GBP,Cash,Marketing,Sample transaction 14,Vendor 1,GST12648,Completed,user_1,approver_1,345.89,0.0,10,2,3,31.883333333333333,0.8571428571428571,0.3686256107702326,2442.527333333333,1511.1994675302826,user_1,2024-09-27 20:33:45.434651,Sales,179,0.1284924087358047,False,0.0
a59ed3cd-2a7e-43c2-a2f5-44d10aa6c567,2025-03-26 14:39:45.398691,Refund,Business,213.95,GBP,Cash,Utilities,Sample transaction 73,Vendor 7,GST44077,Rejected,user_1,approver_1,10.86,0.0,14,2,3,3.95,0.8571428571428571,0.8771322835947853,2442.527333333333,1511.1994675302826,user_1,2024-09-27 20:33:45.434651,Sales,179,0.05075952325309652,False,0.0
05e777aa-239a-4eec-9cfc-9d609d35b564,2025-03-28 02:56:45.398691,Refund,Business,3793.94,USD,Check,Travel,Sample transaction 19,Vendor 16,GST74829,Pending,user_1,approver_3,725.82,0.0,2,4,3,36.28333333333333,1.1428571428571428,0.9226549624656115,2442.527333333333,1511.1994675302826,user_1,2024-09-27 20:33:45.434651,Sales,181,0.19131035282582223,False,0.0
9fbc40a7-402e-46d3-b748-39272ad46aea,2025-04-03 20:59:45.398691,Transfer,Business,1161.85,CAD,Check,Office Supplies,Sample transaction 44,Vendor 12,GST62346,Rejected,user_1,approver_1,181.18,0.0,20,3,4,162.05,0.14285714285714285,0.4005895193578322,2442.527333333333,1511.1994675302826,user_1,2024-09-27 20:33:45.434651,Sales,188,0.155940956233593,True,0.7
3d4e4655-d909-4b88-acc7-74dfab0627a2,2025-04-08 00:58:45.398691,Payment,Personal,4420.1,EUR,Debit Card,Marketing,Sample transaction 93,Vendor 13,GST54775,Rejected,user_1,approver_1,615.15,0.0,0,1,4,99.98333333333333,0.14285714285714285,1.23744768032046,2442.527333333333,1511.1994675302826,user_1,2024-09-27 20:33:45.434651,Sales,192,0.13917105947829234,False,0.0
d9b5999e-0f92-460d-b72c-cbfb5aaadba0,2025-04-11 09:29:45.398691,Purchase,Business,3864.4,AUD,Debit Card,Equipment,Sample transaction 89,Vendor 10,GST25462,Rejected,user_1,approver_2,406.47,0.0,9,4,4,80.51666666666667,0.14285714285714285,0.9580776897239043,2442.527333333333,1511.1994675302826,user_1,2024-09-27 20:33:45.434651,Sales,195,0.10518321084773834,False,0.0
860803ef-2295-4bdb-bae8-3f638079144c,2025-04-12 10:03:45.398691,Purchase,Personal,1246.35,EUR,Credit Card,Equipment,Sample transaction 45,Vendor 20,GST87232,Rejected,user_1,approver_1,224.86,0.0,10,5,4,24.566666666666666,0.2857142857142857,0.35810838888201985,2442.527333333333,1511.1994675302826,user_1,2024-09-27 20:33:45.434651,Sales,196,0.18041481124884665,False,0.0
7feee5f8-9e34-4877-87e1-3d0c771d806d,2025-04-14 10:47:45.398691,Payment,Personal,4509.19,USD,Cash,Marketing,Sample transaction 42,Vendor 5,GST10683,Completed,user_1,approver_3,762.78,0.0,10,0,4,48.733333333333334,0.42857142857142855,1.2822363656943072,2442.527333333333,1511.1994675302826,user_1,2024-09-27 20:33:45.434651,Sales,198,0.1691612019010066,False,0.0
6383e5e6-07d8-4f51-aca3-9688b0b6d1f2,2025-04-14 18:36:45.398691,Refund,Business,216.51,USD,Bank Transfer,Office Supplies,Sample transaction 82,Vendor 7,GST66213,Rejected,user_1,approver_3,36.67,19.16,18,0,4,7.816666666666666,0.42857142857142855,0.8758452812987134,2442.527333333333,1511.1994675302826,user_1,2024-09-27 20:33:45.434651,Sales,198,0.1693686203870491,True,0.54
abfd6a95-5cfb-42db-ac00-22d2d7a4fc7d,2025-03-16 18:16:45.398691,Transfer,Business,773.81,EUR,Cash,Utilities,Sample transaction 7,Vendor 8,GST25463,Completed,user_2,approver_2,115.56,0.0,18,6,3,0.0,0.0,0.595670914267113,2438.6775000000002,1828.5764953470025,user_2,2025-02-09 20:33:45.434651,Marketing,34,0.14933898502216308,False,0.0
357c92c7-3e9e-45f0-8b8c-89430e78c842,2025-03-18 09:08:45.398691,Purchase,Business,96.02,EUR,Bank Transfer,Office Supplies,Sample transaction 12,Vendor 6,GST79294,Rejected,user_2,approver_3,14.81,0.0,9,1,3,38.86666666666667,0.14285714285714285,0.9364198542103186,2438.6775000000002,1828.5764953470025,user_2,2025-02-09 20:33:45.434651,Marketing,36,0.15423870027077694,False,0.0
d905fa24-5ae8-4b0c-b8d9-2c67f1f4d4f9,2025-03-19 11:57:45.398691,Refund,Business,110.24,USD,Debit Card,Utilities,Sample transaction 33,Vendor 13,GST98850,Rejected,user_2,approver_3,5.7,0.0,11,2,3,26.816666666666666,0.2857142857142857,0.9292709586438564,2438.6775000000002,1828.5764953470025,user_2,2025-02-09 20:33:45.434651,Marketing,37,0.05170537010159652,False,0.0
21258214-4c8e-46f5-9bcd-46bd821c2960,2025-03-19 13:04:45.398691,Purchase,Business,4669.43,CAD,Debit Card,Travel,Sample transaction 81,Vendor 3,GST47809,Rejected,user_2,approver_1,931.61,0.0,13,2,3,1.1166666666666667,0.2857142857142857,1.362794665664061,2438.6775000000002,1828.5764953470025,user_2,2025-02-09 20:33:45.434651,Marketing,37,0.1995125743399087,True,0.5599999999999999
d257cb96-c72d-4f0b-8921-1fc18f9d097f,2025-03-21 16:21:45.398691,Purchase,Business,3234.72,CAD,Cash,Marketing,Sample transaction 54,Vendor 8,GST74007,Rejected,user_2,approver_2,572.38,0.0,16,4,3,51.28333333333333,0.5714285714285714,0.641515343711957,2438.6775000000002,1828.5764953470025,user_2,2025-02-09 20:33:45.434651,Marketing,39,0.1769488549240738,False,0.0
e28e09cd-e759-41e6-95c2-325c5d609f37,2025-03-21 20:53:45.398691,Transfer,Personal,3716.04,USD,Debit Card,Equipment,Sample transaction 29,Vendor 17,GST16840,Completed,user_2,approver_1,381.96,0.0,20,4,3,4.533333333333333,0.5714285714285714,0.8834918847843596,2438.6775000000002,1828.5764953470025,user_2,2025-02-09 20:33:45.434651,Marketing,40,0.10278683760131753,False,0.0
e7af6577-c2e9-4a80-bb47-53d91a001d80,2025-03-22 02:19:45.398691,Payment,Business,4526.46,EUR,Bank Transfer,Travel,Sample transaction 47,Vendor 9,GST93396,Pending,user_2,approver_3,254.43,0.0,2,5,3,5.433333333333334,0.8571428571428571,1.290918603840074,2438.6775000000002,1828.5764953470025,user_2,2025-02-09 20:33:45.434651,Marketing,40,0.056209488209329146,True,0.45999999999999996
bcd751ed-831a-432f-8b78-a1d581da78b9,2025-03-26 01:54:45.398691,Refund,Personal,1661.19,AUD,Debit Card,Equipment,Sample transaction 87,Vendor 11,GST52607,Rejected,user_2,approver_2,245.29,0.0,1,2,3,95.58333333333333,0.7142857142857143,0.14955368868573568,2438.6775000000002,1828.5764953470025,user_2,2025-02-09 20:33:45.434651,Marketing,44,0.1476592081580072,True,0.2
17bded2b-2ad7-4af9-a6a2-61589aa532a1,2025-03-28 01:48:45.398691,Purchase,Business,3941.23,GBP,Debit Card,Utilities,Sample transaction 75,Vendor 1,GST88540,Pending,user_2,approver_3,372.97,0.0,1,4,3,47.9,0.5714285714285714,0.9967028406642199,2438.6775000000002,1828.5764953470025,user_2,2025-02-09 20:33:45.434651,Marketing,46,0.09463289379203954,False,0.0
6ecbc04a-971c-4a18-8425-7dc04df58a04,2025-03-29 16:43:45.398691,Refund,Business,1069.69,GBP,Debit Card,Office Supplies,Sample transaction 72,Vendor 17,GST88530,Pending,user_2,approver_1,94.99,0.0,16,5,3,38.916666666666664,0.42857142857142855,0.4469216020164223,2438.6775000000002,1828.5764953470025,user_2,2025-02-09 20:33:45.434651,Marketing,47,0.08880142845123352,False,0.0
fceaf549-a282-4d22-8675-4e36b775f59d,2025-04-02 05:59:45.398691,Refund,Business,4618.21,GBP,Check,Utilities,Sample transaction 35,Vendor 7,GST49997,Rejected,user_2,approver_2,561.07,0.0,5,2,4,85.26666666666667,0.42857142857142855,1.3370445650371838,2438.6775000000002,1828.5764953470025,user_2,2025-02-09 20:33:45.434651,Marketing,51,0.12149079405224103,False,0.0
7953f449-d993-49d7-9de3-e9aeff17bf2c,2025-04-03 23:10:45.398691,Sale,Business,3918.44,AUD,Bank Transfer,Equipment,Sample transaction 71,Vendor 6,GST65507,Completed,user_2,approver_2,498.59,0.0,23,3,4,41.18333333333333,0.42857142857142855,0.985245503817548,2438.6775000000002,1828.5764953470025,user_2,2025-02-09 20:33:45.434651,Marketing,53,0.12724196363859086,False,0.0
5f40d722-23af-422a-a23a-3ba10980be8b,2025-04-03 23:14:45.398691,Sale,Business,33.36,GBP,Cash,Marketing,Sample transaction 68,Vendor 1,GST41152,Completed,user_2,approver_1,4.06,0.0,23,3,4,0.06666666666666667,0.42857142857142855,0.9679212463477672,2438.6775000000002,1828.5764953470025,user_2,2025-02-09 20:33:45.434651,Marketing,53,0.12170263788968824,False,0.0
5a6ac989-d137-4e5f-b34e-6a65878c021e,2025-04-06 01:38:45.398691,Sale,Business,101.15,GBP,Credit Card,Office Supplies,Sample transaction 80,Vendor 16,GST99275,Rejected,user_2,approver_2,16.09,0.0,1,6,4,50.4,0.42857142857142855,0.9338408222654556,2438.6775000000002,1828.5764953470025,user_2,2025-02-09 20:33:45.434651,Marketing,55,0.15907068709836875,False,0.0
f11ed31f-9ac6-44c5-9e0f-e9a106f4eef7,2025-04-08 02:34:45.398691,Purchase,Business,3915.11,CAD,Cash,Marketing,Sample transaction 58,Vendor 7,GST39200,Completed,user_2,approver_1,195.87,0.0,2,1,4,48.93333333333333,0.5714285714285714,0.9835713953621108,2438.6775000000002,1828.5764953470025,user_2,2025-02-09 20:33:45.434651,Marketing,57,0.050029245666149864,True,0.26
40e6b987-e346-47b1-9592-f4051e7c0b60,2025-04-09 11:23:45.398691,Refund,Business,3283.92,EUR,Check,Travel,Sample transaction 25,Vendor 1,GST31827,Rejected,user_2,approver_1,496.72,0.0,11,2,4,32.81666666666667,0.7142857142857143,0.6662499190895899,2438.6775000000002,1828.5764953470025,user_2,2025-02-09 20:33:45.434651,Marketing,58,0.15125825233257814,False,0.0
7a552ec3-1234-4c90-9fa4-d542a63419f5,2025-04-10 23:21:45.398691,Purchase,Business,92.8,AUD,Debit Card,Utilities,Sample transaction 48,Vendor 2,GST64267,Completed,user_2,approver_3,12.51,0.0,23,3,4,35.96666666666667,0.7142857142857143,0.9380386617858466,2438.6775000000002,1828.5764953470025,user_2,2025-02-09 20:33:45.434651,Marketing,60,0.13480603448275863,False,0.0
5d66260a-f3c8-48c0-9ad2-336e1e2209ec,2025-04-12 21:02:45.398691,Refund,Business,2501.01,USD,Bank Transfer,Travel,Sample transaction 22,Vendor 12,GST82896,Pending,user_2,approver_1,343.34,0.0,21,5,4,45.68333333333333,0.5714285714285714,0.27265344736393005,2438.6775000000002,1828.5764953470025,user_2,2025-02-09 20:33:45.434651,Marketing,62,0.13728053866238038,False,0.0
de237165-aab1-4b0b-9dcd-09a1a663e734,2025-04-14 05:35:45.398691,Payment,Personal,4926.75,USD,Bank Transfer,Travel,Sample transaction 88,Vendor 13,GST84592,Pending,user_2,approver_2,785.57,0.0,5,0,4,32.55,0.5714285714285714,1.4921585058301678,2438.6775000000002,1828.5764953470025,user_2,2025-02-09 20:33:45.434651,Marketing,63,0.15944994164510073,False,0.0
3ea538cb-563b-4058-89fc-ca891556a816,2025-04-14 07:06:45.398691,Transfer,Business,1583.97,AUD,Debit Card,Marketing,Sample transaction 36,Vendor 11,GST85263,Completed,user_2,approver_1,108.77,0.0,7,0,4,1.5166666666666666,0.5714285714285714,0.18837490638209348,2438.6775000000002,1828.5764953470025,user_2,2025-02-09 20:33:45.434651,Marketing,63,0.06866922984652486,True,0.2
fbfabc76-fb03-4d4f-95e8-b9c4b25cd197,2025-03-15 01:12:45.398691,Payment,Business,4737.58,GBP,Check,Travel,Sample transaction 39,Vendor 9,GST23583,Pending,user_3,approver_3,734.57,0.0,1,5,3,0.0,0.0,1.3970560744442575,2613.83,1566.987446326694,user_3,2024-08-08 20:33:45.434651,Marketing,218,0.1550517352741273,True,0.2
359e4d70-531f-462f-8cc1-c122585cbbd9,2025-03-15 09:02:45.398691,Payment,Business,1345.78,AUD,Cash,Marketing,Sample transaction 2,Vendor 4,GST52444,Pending,user_3,approver_3,126.81,0.0,9,5,3,7.833333333333333,0.0,0.3081214207966941,2613.83,1566.987446326694,user_3,2024-08-08 20:33:45.434651,Marketing,218,0.09422788271485681,False,0.0
0d599d52-b018-4dae-a791-a52a95d60f91,2025-03-16 13:12:45.398691,Purchase,Business,573.57,CAD,Check,Travel,Sample transaction 5,Vendor 11,GST56485,Completed,user_3,approver_3,33.35,0.0,13,6,3,28.166666666666668,0.2857142857142857,0.6963386251129907,2613.83,1566.987446326694,user_3,2024-08-08 20:33:45.434651,Marketing,219,0.05814460309988319,False,0.0
e84c5187-4a17-463b-b965-4feb871433f6,2025-03-16 22:32:45.398691,Payment,Business,2236.82,EUR,Check,Travel,Sample transaction 17,Vendor 14,GST99462,Pending,user_3,approver_3,154.7,0.0,22,6,3,9.333333333333334,0.2857142857142857,0.1398358158798487,2613.83,1566.987446326694,user_3,2024-08-08 20:33:45.434651,Marketing,220,0.0691606834702837,False,0.0
c88efb62-d264-42c5-afbf-e34aa24a275e,2025-03-18 06:10:45.398691,Purchase,Business,1605.0,CAD,Credit Card,Marketing,Sample transaction 46,Vendor 8,GST57150,Completed,user_3,approver_1,246.98,0.0,6,1,3,31.633333333333333,0.5714285714285714,0.1778023836139712,2613.83,1566.987446326694,user_3,2024-08-08 20:33:45.434651,Marketing,221,0.1538816199376947,False,0.0
dc990de2-abb1-448d-be95-a3cdc4a265ca,2025-03-19 14:08:45.398691,Transfer,Business,2564.12,EUR,Check,Travel,Sample transaction 99,Vendor 14,GST23530,Rejected,user_3,approver_2,233.16,0.0,14,2,3,31.966666666666665,0.7142857142857143,0.30438107037373485,2613.83,1566.987446326694,user_3,2024-08-08 20:33:45.434651,Marketing,222,0.09093178166388469,False,0.0
f3b30515-128e-426c-8e86-ac6e820e6287,2025-03-19 23:36:45.398691,Sale,Business,88.53,CAD,Bank Transfer,Office Supplies,Sample transaction 76,Vendor 1,GST79997,Pending,user_3,approver_1,9.03,0.0,23,2,3,9.466666666666667,0.7142857142857143,0.9401853413968728,2613.83,1566.987446326694,user_3,2024-08-08 20:33:45.434651,Marketing,223,0.10199932226363943,False,0.0
cb6ade19-4b6b-4208-b8c8-22e8fedd38ee,2025-03-21 05:14:45.398691,Purchase,Business,4709.45,EUR,Cash,Office Supplies,Sample transaction 69,Vendor 3,GST41488,Completed,user_3,approver_3,402.12,0.0,5,4,3,29.633333333333333,1.0,1.382914131245623,2613.83,1566.987446326694,user_3,2024-08-08 20:33:45.434651,Marketing,224,0.08538576691545723,False,0.0
157a638a-c82e-44d8-876d-aa696ba4491b,2025-03-24 16:46:45.398691,Purchase,Business,2723.74,GBP,Cash,Office Supplies,Sample transaction 97,Vendor 2,GST24995,Pending,user_3,approver_1,306.86,0.0,16,0,3,83.53333333333333,0.5714285714285714,0.3846276744749084,2613.83,1566.987446326694,user_3,2024-08-08 20:33:45.434651,Marketing,227,0.11266126722814955,False,0.0
5af09b22-d84e-4490-a1de-890a80453a27,2025-03-24 22:00:45.398691,Refund,Business,4653.4,GBP,Check,Travel,Sample transaction 77,Vendor 6,GST44593,Completed,user_3,approver_1,584.21,67.03,22,0,3,5.233333333333333,0.5714285714285714,1.354735819255454,2613.83,1566.987446326694,user_3,2024-08-08 20:33:45.434651,Marketing,228,0.12554476296901193,True,0.54
42b08be9-3b74-43db-8bbb-e7143b9565cb,2025-03-27 04:28:45.398691,Purchase,Business,3628.47,GBP,Bank Transfer,Marketing,Sample transaction 67,Vendor 6,GST62633,Rejected,user_3,approver_1,319.88,0.0,4,3,3,54.46666666666667,0.42857142857142855,0.8394673570238046,2613.83,1566.987446326694,user_3,2024-08-08 20:33:45.434651,Marketing,230,0.08815836978120255,False,0.0
e1e26ae0-cb7b-4b09-aa7e-4a6d00611f6e,2025-03-27 13:53:45.398691,Payment,Business,2785.68,EUR,Bank Transfer,Equipment,Sample transaction 49,Vendor 9,GST35559,Completed,user_3,approver_3,408.88,0.0,13,3,3,9.416666666666666,0.42857142857142855,0.4157670972165868,2613.83,1566.987446326694,user_3,2024-08-08 20:33:45.434651,Marketing,230,0.14677924241118867,False,0.0
4dec5287-b6ce-4231-ac4a-25f0dde4bda5,2025-03-29 22:48:45.398691,Transfer,Business,227.0,CAD,Check,Office Supplies,Sample transaction 85,Vendor 6,GST58948,Pending,user_3,approver_3,16.57,60.9,22,5,3,56.916666666666664,0.5714285714285714,0.8705715882964499,2613.83,1566.987446326694,user_3,2024-08-08 20:33:45.434651,Marketing,233,0.0729955947136564,True,0.54
321449c5-c74d-4728-ac4c-aec7c06fe268,2025-03-30 11:07:45.398691,Purchase,Business,3158.01,CAD,Debit Card,Utilities,Sample transaction 11,Vendor 20,GST68254,Rejected,user_3,approver_3,201.82,0.0,11,6,3,12.316666666666666,0.7142857142857143,0.60295052100427,2613.83,1566.987446326694,user_3,2024-08-08 20:33:45.434651,Marketing,233,0.06390733404897388,False,0.0
287ad5c3-e2c7-4b7e-a13a-c1fbb43d4e21,2025-03-30 22:04:45.398691,Refund,Business,3865.06,EUR,Credit Card,Travel,Sample transaction 32,Vendor 18,GST30454,Pending,user_3,approver_2,389.41,0.0,22,6,3,10.95,0.7142857142857143,0.9584094950033603,2613.83,1566.987446326694,user_3,2024-08-08 20:33:45.434651,Marketing,234,0.10075134668025854,False,0.0
6c10da9a-8024-4284-a919-64462cd3c0d4,2025-03-31 02:54:45.398691,Sale,Business,3857.18,AUD,Credit Card,Equipment,Sample transaction 90,Vendor 19,GST19065,Completed,user_3,approver_3,549.12,0.0,2,0,3,4.833333333333333,1.0,0.9544479410607638,2613.83,1566.987446326694,user_3,2024-08-08 20:33:45.434651,Marketing,234,0.14236307354077332,False,0.0
dc30843a-4cf2-4f37-87dc-f4e32744f266,2025-03-31 05:49:45.398691,Transfer,Business,4206.83,AUD,Check,Marketing,Sample transaction 96,Vendor 3,GST15162,Rejected,user_3,approver_1,258.89,0.0,5,0,3,2.9166666666666665,1.0,1.1302293288816845,2613.83,1566.987446326694,user_3,2024-08-08 20:33:45.434651,Marketing,234,0.06154039977845551,True,0.26
1f4e9d22-f719-43d7-87f5-4a2f7c83175a,2025-04-03 10:58:45.398691,Refund,Business,364.38,AUD,Debit Card,Travel,Sample transaction 18,Vendor 5,GST80217,Pending,user_3,approver_1,25.12,0.0,10,3,4,77.15,1.0,0.8015058166424013,2613.83,1566.987446326694,user_3,2024-08-08 20:33:45.434651,Marketing,237,0.06893901970470388,False,0.0
5994f96c-893b-43a8-bac2-a1d6636e1033,2025-04-05 18:36:45.398691,Purchase,Personal,3316.7,EUR,Debit Card,Equipment,Sample transaction 70,Vendor 10,GST86325,Rejected,user_3,approver_1,359.34,0.0,18,5,4,55.63333333333333,0.8571428571428571,0.6827295813025736,2613.83,1566.987446326694,user_3,2024-08-08 20:33:45.434651,Marketing,239,0.10834262972231434,False,0.0
360da21f-71e1-447c-9521-428df03e7956,2025-04-07 11:41:45.398691,Sale,Business,1383.96,AUD,Debit Card,Office Supplies,Sample transaction 55,Vendor 2,GST67926,Completed,user_3,approver_1,103.52,0.0,11,0,4,41.083333333333336,0.5714285714285714,0.2889269881154335,2613.83,1566.987446326694,user_3,2024-08-08 20:33:45.434651,Marketing,241,0.07479984970663892,False,0.0
ad76acf2-06d5-4b5b-bb06-d9f1172ef4c3,2025-04-08 22:50:45.398691,Transfer,Business,1306.5,GBP,Credit Card,Equipment,Sample transaction 53,Vendor 18,GST43080,Completed,user_3,approver_2,80.38,0.0,22,1,4,35.15,0.42857142857142855,0.32786886227704803,2613.83,1566.987446326694,user_3,2024-08-08 20:33:45.434651,Marketing,243,0.06152315346345197,False,0.0
1d7dd5d7-6f0d-479e-85ee-a006caf76bf1,2025-04-11 03:27:45.398691,Sale,Personal,1816.39,CAD,Bank Transfer,Equipment,Sample transaction 61,Vendor 3,GST89604,Rejected,user_3,approver_3,363.2,82.56,3,4,4,52.61666666666667,0.42857142857142855,0.07152917448637376,2613.83,1566.987446326694,user_3,2024-08-08 20:33:45.434651,Marketing,245,0.19995705768034397,True,0.74
3580dd41-a856-47d1-a75a-0896293bc77b,2025-04-14 11:03:45.398691,Purchase,Business,4963.94,EUR,Credit Card,Travel,Sample transaction 4,Vendor 8,GST70495,Rejected,user_3,approver_3,331.62,0.0,11,0,4,79.6,0.42857142857142855,1.5108552305922442,2613.83,1566.987446326694,user_3,2024-08-08 20:33:45.434651,Marketing,248,0.06680580345451397,True,0.45999999999999996
7626666a-cfc5-44fe-84bd-b7c55b3c9fd2,2025-03-15 18:10:45.398691,Refund,Business,1048.21,USD,Debit Card,Travel,Sample transaction 57,Vendor 13,GST31315,Rejected,user_4,approver_2,78.44,0.0,18,5,3,0.0,0.0,0.457720355656901,1892.2995454545453,1580.7464719118268,user_4,2023-12-14 20:33:45.434651,Sales,456,0.07483233321567243,False,0.0
d6b02ac3-57e4-4797-99fe-59aa624e8885,2025-03-17 08:53:45.398691,Sale,Business,2226.73,GBP,Check,Office Supplies,Sample transaction 63,Vendor 16,GST58654,Completed,user_4,approver_2,332.35,0.0,8,0,3,38.71666666666667,0.14285714285714285,0.1347632169863463,1892.2995454545453,1580.7464719118268,user_4,2023-12-14 20:33:45.434651,Sales,458,0.14925473676646922,False,0.0
56759a29-01ec-4834-ad68-b75bab4f003c,2025-03-20 01:22:45.398691,Payment,Business,1042.26,EUR,Credit Card,Marketing,Sample transaction 21,Vendor 12,GST99482,Completed,user_4,approver_2,71.92,0.0,1,3,3,64.48333333333333,0.2857142857142857,0.4607116305247245,1892.2995454545453,1580.7464719118268,user_4,2023-12-14 20:33:45.434651,Sales,461,0.06900389538119088,False,0.0
70a06106-679d-4435-a4b4-2bf1df63944c,2025-03-22 13:19:45.398691,Payment,Business,4751.26,EUR,Credit Card,Travel,Sample transaction 66,Vendor 1,GST77684,Pending,user_4,approver_2,511.92,0.0,13,5,3,59.95,0.42857142857142855,1.403933492963892,1892.2995454545453,1580.7464719118268,user_4,2023-12-14 20:33:45.434651,Sales,463,0.10774405105172101,False,0.0
2f7e7eb0-63b8-4856-9dff-c066e49bb88b,2025-03-22 14:54:45.398691,Refund,Personal,666.49,GBP,Credit Card,Equipment,Sample transaction 31,Vendor 12,GST25196,Pending,user_4,approver_3,79.53,0.0,14,5,3,1.5833333333333333,0.42857142857142855,0.6496244636477543,1892.2995454545453,1580.7464719118268,user_4,2023-12-14 20:33:45.434651,Sales,463,0.11932662155471199,False,0.0
1ffb858a-b6d0-4596-836c-06f92106dd09,2025-03-27 13:34:45.398691,Refund,Personal,382.19,CAD,Check,Equipment,Sample transaction 28,Vendor 10,GST11481,Rejected,user_4,approver_2,60.14,0.0,13,3,3,118.66666666666667,0.42857142857142855,0.792552101449807,1892.2995454545453,1580.7464719118268,user_4,2023-12-14 20:33:45.434651,Sales,468,0.15735628875690102,True,0.24
5cf0a630-efa3-4db0-ac26-586e3a6d47d6,2025-03-29 12:02:45.398691,Payment,Business,111.49,CAD,Credit Card,Equipment,Sample transaction 13,Vendor 3,GST26346,Completed,user_4,approver_3,18.35,0.0,12,5,3,46.46666666666667,0.42857142857142855,0.9286425395539776,1892.2995454545453,1580.7464719118268,user_4,2023-12-14 20:33:45.434651,Sales,470,0.16458875235447126,False,0.0
1a8f0cbf-cfdc-4a2b-8dcd-148790c86772,2025-03-30 05:26:45.398691,Purchase,Personal,587.66,AUD,Bank Transfer,Equipment,Sample transaction 95,Vendor 11,GST86340,Completed,user_4,approver_2,111.0,0.0,5,6,3,17.4,0.2857142857142857,0.689255085131876,1892.2995454545453,1580.7464719118268,user_4,2023-12-14 20:33:45.434651,Sales,471,0.1888847292652214,True,0.2
dc1411ad-fb15-4fe0-84e9-2978735da861,2025-03-31 16:20:45.398691,Payment,Business,541.31,GBP,Cash,Equipment,Sample transaction 40,Vendor 19,GST44904,Rejected,user_4,approver_3,51.74,0.0,16,0,3,34.9,0.42857142857142855,0.7125568649845849,1892.2995454545453,1580.7464719118268,user_4,2023-12-14 20:33:45.434651,Sales,472,0.09558293768820086,False,0.0
ae6cb1e1-42ce-46b4-afb7-67819c33aad6,2025-04-01 07:02:45.398691,Purchase,Personal,1327.91,GBP,Check,Marketing,Sample transaction 27,Vendor 8,GST29684,Completed,user_4,approver_3,252.03,0.0,7,1,4,14.7,0.5714285714285714,0.3171053001056025,1892.2995454545453,1580.7464719118268,user_4,2023-12-14 20:33:45.434651,Sales,473,0.1897944890843506,False,0.0
b162bf59-5d2f-482c-87c0-3e953bc1d8b6,2025-04-04 03:05:45.398691,Transfer,Personal,1319.46,EUR,Debit Card,Travel,Sample transaction 8,Vendor 14,GST78942,Completed,user_4,approver_1,179.97,0.0,3,4,4,68.05,0.5714285714285714,0.3213534131531838,1892.2995454545453,1580.7464719118268,user_4,2023-12-14 20:33:45.434651,Sales,476,0.1363967077440771,False,0.0
ec6fcb25-637b-45e2-8069-ac2b8650ad8d,2025-04-04 15:38:45.398691,Purchase,Business,2415.54,GBP,Credit Card,Office Supplies,Sample transaction 92,Vendor 13,GST14497,Completed,user_4,approver_3,434.49,0.0,15,4,4,12.55,0.5714285714285714,0.22968466367437154,1892.2995454545453,1580.7464719118268,user_4,2023-12-14 20:33:45.434651,Sales,476,0.17987282346804442,False,0.0
f5275426-577e-4544-a5f7-73e2d7bd0137,2025-04-06 18:09:45.398691,Sale,Business,4605.84,EUR,Cash,Utilities,Sample transaction 74,Vendor 14,GST56230,Rejected,user_4,approver_1,780.23,0.0,18,6,4,50.516666666666666,0.7142857142857143,1.3308257297237425,1892.2995454545453,1580.7464719118268,user_4,2023-12-14 20:33:45.434651,Sales,478,0.16940015284942594,True,0.26
a4f28e80-d28d-4c5a-86c9-f627fb744304,2025-04-07 09:55:45.398691,Payment,Business,2955.74,AUD,Check,Equipment,Sample transaction 51,Vendor 19,GST96054,Pending,user_4,approver_3,216.98,0.0,9,0,4,15.766666666666667,0.7142857142857143,0.5012622575564287,1892.2995454545453,1580.7464719118268,user_4,2023-12-14 20:33:45.434651,Sales,479,0.07340970450716233,False,0.0
8b198540-468f-463e-b8ac-c10ed1b13733,2025-04-07 11:07:45.398691,Refund,Personal,1336.19,USD,Cash,Office Supplies,Sample transaction 3,Vendor 6,GST53313,Pending,user_4,approver_3,172.94,0.0,11,0,4,1.2,0.7142857142857143,0.3129426520542448,1892.2995454545453,1580.7464719118268,user_4,2023-12-14 20:33:45.434651,Sales,479,0.1294277011502855,False,0.0
229eb3da-515e-46da-a3bc-2252ab612fac,2025-04-09 04:25:45.398691,Payment,Business,2233.27,USD,Cash,Utilities,Sample transaction 26,Vendor 4,GST27209,Rejected,user_4,approver_1,204.22,0.0,4,2,4,41.3,0.7142857142857143,0.13805110566459258,1892.2995454545453,1580.7464719118268,user_4,2023-12-14 20:33:45.434651,Sales,481,0.09144438424373229,False,0.0
b5794982-526b-46b4-834a-c28c9d5e04fc,2025-04-09 13:05:45.398691,Transfer,Business,1160.45,USD,Debit Card,Travel,Sample transaction 43,Vendor 13,GST75161,Pending,user_4,approver_1,60.06,0.0,13,2,4,8.666666666666666,0.7142857142857143,0.4012933487384965,1892.2995454545453,1580.7464719118268,user_4,2023-12-14 20:33:45.434651,Sales,481,0.051755784393985094,True,0.2
3e67c042-39a3-4017-bc44-df9ba8077a15,2025-04-12 05:27:45.398691,Payment,Business,96.29,GBP,Cash,Travel,Sample transaction 16,Vendor 15,GST35070,Completed,user_4,approver_2,13.21,0.0,5,5,4,64.36666666666666,0.7142857142857143,0.9362841156869047,1892.2995454545453,1580.7464719118268,user_4,2023-12-14 20:33:45.434651,Sales,484,0.13718973932910997,False,0.0
f2d974fa-5a32-4b5d-91c5-5fd04b0d68ab,2025-04-12 23:16:45.398691,Refund,Business,4012.18,USD,Credit Card,Utilities,Sample transaction 50,Vendor 5,GST16798,Completed,user_4,approver_2,363.58,0.0,23,5,4,17.816666666666666,0.7142857142857143,1.032371908205745,1892.2995454545453,1580.7464719118268,user_4,2023-12-14 20:33:45.434651,Sales,485,0.09061906494723566,False,0.0
a2300a15-02be-4357-9d84-9303848f9433,2025-04-13 20:23:45.398691,Refund,Business,264.95,EUR,Bank Transfer,Office Supplies,Sample transaction 60,Vendor 5,GST93008,Rejected,user_4,approver_3,39.3,25.35,20,6,4,21.116666666666667,1.0,0.851492784727727,1892.2995454545453,1580.7464719118268,user_4,2023-12-14 20:33:45.434651,Sales,485,0.14832987356104926,True,0.74
132422c1-d170-4ec9-ab46-21652e9f70c7,2025-04-14 03:54:45.398691,Payment,Business,4586.19,GBP,Debit Card,Office Supplies,Sample transaction 24,Vendor 2,GST75081,Completed,user_4,approver_3,489.9,0.0,3,0,4,7.516666666666667,1.0,1.3209469816308461,1892.2995454545453,1580.7464719118268,user_4,2023-12-14 20:33:45.434651,Sales,486,0.10682069430180607,False,0.0
49a6d1b1-8515-4cf9-a427-f899a8350361,2025-04-14 12:51:45.398691,Refund,Personal,3958.98,CAD,Credit Card,Utilities,Sample transaction 64,Vendor 3,GST85831,Pending,user_4,approver_3,561.83,0.0,12,0,4,8.95,1.0,1.0056263917405,1892.2995454545453,1580.7464719118268,user_4,2023-12-14 20:33:45.434651,Sales,486,0.14191281592733482,False,0.0
ac5486d5-c552-45b0-a3e3-6179b21b67c7,2025-03-15 18:18:45.398691,Sale,Business,1494.38,GBP,Debit Card,Marketing,Sample transaction 41,Vendor 7,GST65139,Rejected,user_5,approver_1,268.1,0.0,18,5,3,0.0,0.0,0.2334149593918926,1947.837,1273.4842852091804,user_5,2023-02-16 20:33:45.434651,Finance,757,0.1794055059623389,False,0.0
1e92e5e0-94e9-4f92-a92b-8bf955108db3,2025-03-19 12:59:45.398691,Sale,Business,3787.55,GBP,Bank Transfer,Travel,Sample transaction 78,Vendor 12,GST70936,Rejected,user_5,approver_2,580.32,0.0,12,2,3,90.68333333333334,0.14285714285714285,0.9194424840781508,1947.837,1273.4842852091804,user_5,2023-02-16 20:33:45.434651,Finance,761,0.15321777930324354,False,0.0
26bddac0-e51b-498b-9fc7-744abaf19b5b,2025-03-20 13:44:45.398691,Transfer,Business,2005.82,CAD,Check,Utilities,Sample transaction 83,Vendor 8,GST96595,Rejected,user_5,approver_1,116.99,0.0,13,3,3,24.75,0.2857142857142857,0.023703968070231334,1947.837,1273.4842852091804,user_5,2023-02-16 20:33:45.434651,Finance,762,0.058325273454248136,False,0.0
9f8f5d08-b7e9-45bd-ae0f-b835c43471a2,2025-03-20 19:49:45.398691,Refund,Business,1464.6,AUD,Cash,Equipment,Sample transaction 84,Vendor 16,GST49545,Pending,user_5,approver_1,217.14,0.0,19,3,3,6.083333333333333,0.2857142857142857,0.24838641578916718,1947.837,1273.4842852091804,user_5,2023-02-16 20:33:45.434651,Finance,762,0.14825891028267105,False,0.0
a47f0c96-dbe3-4ea9-bf4b-4af4fa8cb964,2025-03-24 08:50:45.398691,Purchase,Personal,2237.24,USD,Check,Office Supplies,Sample transaction 1,Vendor 19,GST40634,Rejected,user_5,approver_3,416.14,0.0,8,0,3,85.01666666666667,0.42857142857142855,0.14004696469404782,1947.837,1273.4842852091804,user_5,2023-02-16 20:33:45.434651,Finance,766,0.18600597164363233,False,0.0
f85d1f00-64b5-470f-9dda-0b61e3e1c818,2025-03-24 17:29:45.398691,Purchase,Business,1340.64,EUR,Check,Travel,Sample transaction 10,Vendor 18,GST82300,Pending,user_5,approver_1,115.73,0.0,17,0,3,8.65,0.42857142857142855,0.31070548009427595,1947.837,1273.4842852091804,user_5,2023-02-16 20:33:45.434651,Finance,766,0.08632444205752476,False,0.0
299ed759-a6b4-410c-925e-7e43b4a1c62a,2025-03-24 23:44:45.398691,Sale,Business,1503.38,EUR,Debit Card,Marketing,Sample transaction 98,Vendor 5,GST38820,Rejected,user_5,approver_2,124.09,0.0,23,0,3,6.25,0.42857142857142855,0.22889034194476465,1947.837,1273.4842852091804,user_5,2023-02-16 20:33:45.434651,Finance,767,0.0825406750123056,False,0.0
588ab9d4-f8f0-4536-b5d4-8adfedd85e05,2025-03-25 22:39:45.398691,Payment,Business,1130.66,GBP,Bank Transfer,Utilities,Sample transaction 23,Vendor 8,GST32710,Rejected,user_5,approver_2,163.34,0.0,22,1,3,22.916666666666668,0.8571428571428571,0.41626983248849,1947.837,1273.4842852091804,user_5,2023-02-16 20:33:45.434651,Finance,768,0.14446429519041976,False,0.0
ce29c282-68ad-4ed1-9550-93dfb3cef2e7,2025-03-26 10:57:45.398691,Refund,Business,321.6,USD,Check,Office Supplies,Sample transaction 37,Vendor 18,GST27294,Rejected,user_5,approver_2,61.29,0.0,10,2,3,12.3,1.0,0.8230128315744162,1947.837,1273.4842852091804,user_5,2023-02-16 20:33:45.434651,Finance,768,0.19057835820895522,False,0.0
149d2482-caf7-492f-bca4-777eb9abaaa4,2025-03-29 03:17:45.398691,Purchase,Business,505.34,CAD,Bank Transfer,Utilities,Sample transaction 38,Vendor 16,GST98084,Pending,user_5,approver_1,50.95,0.0,3,5,3,64.33333333333333,0.7142857142857143,0.7306402527149397,1947.837,1273.4842852091804,user_5,2023-02-16 20:33:45.434651,Finance,771,0.10082320813709583,False,0.0
0531e192-3fcf-4917-b48d-2816ac85359b,2025-03-30 10:06:45.398691,Purchase,Personal,3989.48,USD,Check,Travel,Sample transaction 9,Vendor 15,GST77120,Completed,user_5,approver_1,770.65,0.0,10,6,3,30.816666666666666,0.8571428571428571,1.0209598175335446,1947.837,1273.4842852091804,user_5,2023-02-16 20:33:45.434651,Finance,772,0.19317053851629787,True,0.5
bc76d3a4-857c-44f5-a245-877dc3ec5915,2025-04-02 05:58:45.398691,Purchase,Personal,1164.61,AUD,Cash,Equipment,Sample transaction 86,Vendor 20,GST71763,Pending,user_5,approver_2,139.13,0.0,5,2,4,67.86666666666666,0.42857142857142855,0.39920197000737967,1947.837,1273.4842852091804,user_5,2023-02-16 20:33:45.434651,Finance,775,0.11946488524055264,False,0.0
1214d1db-cfa5-4b43-9203-999a0510b68b,2025-04-06 03:58:45.398691,Refund,Business,2006.17,AUD,Credit Card,Utilities,Sample transaction 65,Vendor 5,GST83386,Pending,user_5,approver_3,243.05,0.0,3,6,4,94.0,0.2857142857142857,0.023879925415397487,1947.837,1273.4842852091804,user_5,2023-02-16 20:33:45.434651,Finance,779,0.12115124839869004,False,0.0
9c1eed37-0a27-453c-a993-f85b843836ad,2025-04-07 21:38:45.398691,Refund,Business,1404.73,GBP,Bank Transfer,Marketing,Sample transaction 62,Vendor 19,GST28926,Pending,user_5,approver_2,84.85,0.0,21,0,4,41.666666666666664,0.2857142857142857,0.27848517651800603,1947.837,1273.4842852091804,user_5,2023-02-16 20:33:45.434651,Finance,781,0.060403066781516725,False,0.0
6f3186d4-a887-4acf-9928-fe94054ff5d2,2025-04-09 18:46:45.398691,Payment,Personal,3182.42,USD,Check,Marketing,Sample transaction 59,Vendor 12,GST57785,Rejected,user_5,approver_1,568.21,0.0,18,2,4,45.13333333333333,0.42857142857142855,0.6152222889914247,1947.837,1273.4842852091804,user_5,2023-02-16 20:33:45.434651,Finance,782,0.17854651491632154,False,0.0
6745c25f-09df-4401-b6e7-bac950fe3e02,2025-04-10 02:56:45.398691,Refund,Personal,3190.06,CAD,Check,Marketing,Sample transaction 91,Vendor 19,GST29473,Rejected,user_5,approver_1,361.51,0.0,2,3,4,8.166666666666666,0.42857142857142855,0.6190631864687645,1947.837,1273.4842852091804,user_5,2023-02-16 20:33:45.434651,Finance,783,0.11332388732500329,False,0.0
7d853a79-67c0-46ca-805e-36c96f0d4f13,2025-04-11 22:25:45.398691,Purchase,Business,353.53,EUR,Debit Card,Equipment,Sample transaction 34,Vendor 3,GST91001,Pending,user_5,approver_3,63.11,0.0,22,4,4,43.483333333333334,0.5714285714285714,0.80696049434255,1947.837,1273.4842852091804,user_5,2023-02-16 20:33:45.434651,Finance,785,0.1785138460668119,False,0.0
ce13e01f-1609-40d4-a4ba-cfae2db8ebe9,2025-04-13 15:04:45.398691,Sale,Business,4998.92,GBP,Cash,Equipment,Sample transaction 100,Vendor 9,GST52031,Pending,user_5,approver_2,744.82,0.0,15,6,4,40.65,0.7142857142857143,1.528440910403415,1947.837,1273.4842852091804,user_5,2023-02-16 20:33:45.434651,Finance,786,0.14899618317556593,True,0.8
cb06b464-2f69-4e4c-b719-83bfe09fe041,2025-04-14 02:04:45.398691,Purchase,Business,1898.57,EUR,Debit Card,Office Supplies,Sample transaction 79,Vendor 12,GST61316,Completed,user_5,approver_2,136.41,0.0,2,0,4,11.0,0.7142857142857143,0.030214389841376678,1947.837,1273.4842852091804,user_5,2023-02-16 20:33:45.434651,Finance,787,0.0718488125273232,False,0.0
692f8d5e-4622-4a6e-a819-39e7e1eaacf8,2025-04-14 08:40:45.398691,Payment,Business,977.04,AUD,Credit Card,Office Supplies,Sample transaction 94,Vendor 3,GST61347,Completed,user_5,approver_1,187.15,0.0,8,0,4,6.6,0.7142857142857143,0.493500024958245,1947.837,1273.4842852091804,user_5,2023-02-16 20:33:45.434651,Finance,787,0.1915479407189061,False,0.0
